SL No,Root Author,Root Author Aff,Root phd year,Scholar Link Link,Advisor,Adv aff,Avd phd year
1,Rahim Zaare-Nahandi,University of Minnesota - Twin Cities ,1982,https://scholar.google.com/citations?hl=en&user=IyL0nWkAAAAJ,Joel Lawrence Roberts,Harvard University ,1969
2,Rashid Zaare Nahandi,University of Tehran,1999,https://scholar.google.com/citations?hl=en&user=gL-KLQoAAAAJ,Rahim Zaare-Nahandi,University of Minnesota - Twin Cities ,1982
3,Masoud Zabihi,University of Minnesota - Twin Cities ,2021,https://scholar.google.com/citations?hl=en&user=_oxQqZwAAAAJ,Sachin S. Sapatnekar,University of Illinois at Urbana-Champaign,1992
4,Gergely Zábrádi,University of Cambridge ,2008,https://scholar.google.com/citations?hl=en&user=BwzLHvwAAAAJ,John Henry Coates,University of Cambridge,1969
5,Vytas Zacharovas,Vilniaus universitetas,2004,https://scholar.google.com/citations?hl=en&user=bpnHc18AAAAJ,Eugenijus Manstavičius,Habil.Dr. Sci. Vilniaus universitetas,"1974, 1994"
6,Pablo Zavattieri,Purdue University,2000,https://scholar.google.com/citations?hl=en&user=OEabjp8AAAAJ,Horacio Espinosa,Brown University,1992
7,Jakub Zavodny,University of Oxford,2013,https://scholar.google.com/citations?hl=en&user=o1mtmsMAAAAJ,Dan Alexandru Olteanu,Ludwig-Maximilians-Universität München,2005
8,Vidhi Zala,University of Utah,2021,https://scholar.google.com/citations?hl=en&user=FtZUJ78AAAAJ,Robert Michael Kirby II,Brown University,2003
,,,,,Akil C. Narayan,Brown University,2009
10,Michael P. Zaletel,"University of California, Berkeley",2014,https://scholar.google.com/citations?hl=en&user=LGNFXjwAAAAJ,Joel Ellis Moore,Massachusetts Institute of Technology,2001
11,Constantin Zalinescu,Alexandru Ioan Cuza University of Iasi,1983,https://scholar.google.com/citations?hl=en&user=MVFC2agAAAAJ,Viorel P. Barbu,Alexandru Ioan Cuza University of Iasi,1969
12,Pavol Zajac,Slovak Institute of Technology,2008,https://scholar.google.com/citations?hl=en&user=kutD0ZsAAAAJ,Otokar Grošek,Slovak University of Technology,1978
13,Ilias Zadik,Massachusetts Institute of Technology,2019,https://scholar.google.com/citations?hl=en&user=okLwXk0AAAAJ,David Gamarnik,Massachusetts Institute of Technology,1997
14,Vojtěch Žádník,Masaryk University,2004,https://scholar.google.com/citations?hl=en&user=nOBLTF0AAAAJ,Jan Slovák,Charles University,1990
15,Stefano Zanero,Politecnico di Milano,2006,https://scholar.google.com/citations?hl=en&user=O2ndaqAAAAAJ,Giuseppe Serazzi,Università degli Studi di Pavia,1969
16,Renato Zanetti,University of Texas at Austin,2007,https://scholar.google.com/citations?hl=en&user=ugUlsMQAAAAJ,Robert H. Bishop,Rice University,1990
17,Catherine Zanbaka,University of North Carolina at Charlotte,2007,https://scholar.google.com/citations?hl=en&user=k0tCXygAAAAJ,Larry Franklin Hodges,North Carolina State University,1988
18,Antonella Zanna,University of Cambridge,1998,https://scholar.google.com/citations?hl=en&user=HmZIFSUAAAAJ,Arieh Iserles,Ben-Gurion University of the Negev,1978
19,Laure Zanna,Harvard University,2009,https://scholar.google.com/citations?hl=en&user=xWZmhjsAAAAJ,Eli Tziperman,Massachusetts Institute of Technology/Woods Hole Oceanographic Institution,1987
20,Bilal Zafar,Technische Universität Ilmenau,2014,https://scholar.google.com/citations?hl=en&user=WCba0mgAAAAJ,Martin Haardt,Technische Universität München,1996
21,Hamim Zafar,Rice University,2018,https://scholar.google.com/citations?hl=en&user=4LeNas8AAAAJ,Luay Nakhleh,University of Texas at Austin,2004
22,Sohail Zafar,"Abdus Salam School of Mathematical Sciences GC University, Lahore",2013,https://scholar.google.com/citations?hl=en&user=BNT44xYAAAAJ,Peter Schenzel,Martin-Luther-Universität Halle-Wittenberg,1976
23,Jafar Zafarani,Université de Liège,1975,https://scholar.google.com/citations?hl=en&user=NoX3tlkAAAAJ,Jean François Schmets,Université de Liège,1965
,,,,,Henri Georges Garnir,Université de Liège,1946
25,Filareti Zafiropoulos,University of Patras,1990,https://scholar.google.com/citations?hl=en&user=EvDaSGIAAAAJ,George Dassios,University of Illinois at Chicago,1975
26,Muhammad Zafrullah,University of London ,1974,https://scholar.google.com/citations?hl=en&user=56pdMcUAAAAJ,Paul Moritz Cohn,University of Cambridge,1952
27,George Xylomenos,"University of California, San Diego",1999,https://scholar.google.com/citations?hl=en&user=f7tP8gcAAAAJ,George Constantine Polyzos,University of Toronto,1989
28,Polychronis Xekalakis,The University of Edinburgh,2009,https://scholar.google.com/citations?hl=en&user=RoJiAvIAAAAJ,Marcelo Hehl Cintra,University of Illinois at Urbana-Champaign,2001
29,Marios Xanthidis,University of South Carolina,2022,https://scholar.google.com/citations?hl=en&user=yptHrjUAAAAJ,Ioannis Rekleitis,McGill University,2003
30,Petros Xanthopoulos,University of Florida,2011,https://scholar.google.com/citations?hl=en&user=bYdzy08AAAAJ,Panayote Miltiades Pardalos,University of Minnesota - Twin Cities,1985
31,Stilianos Xanthopoulos,University of London,1992,https://scholar.google.com/citations?hl=en&user=ATEa914AAAAJ,Stephen Donkin,University of Warwick,1977
32,Alinson Santos Xavier,University of Waterloo,2017,https://scholar.google.com/citations?hl=en&user=DyLyBZwAAAAJ,Ricardo Fukasawa,Georgia Institute of Technology,2008
33,Eduardo Candido Xavier,Universidade Estadual de Campinas,2006,https://scholar.google.com/citations?hl=en&user=JMx0rAMAAAAJ,Flávio Keidi Miyazawa,Universidade de São Paulo,1997
34,Paweł Rzążewski,Uniwersytet Warszawski,2015,https://scholar.google.com/citations?hl=en&user=yJfMw-EAAAAJ,Zbigniew Lonc,Politechnika Warszawska,1982
,,,,,Konstanty Junosza-Szaniawski,Politechnika Warszawska,2004
36,Stefan Rybacki,Universität Rostock,2016,https://scholar.google.com/citations?hl=en&user=8jBOigQAAAAJ,Adelinde Uhrmacher,Universität Koblenz-Landau,1992
37,Vladimir Vladimirovich Rybakov,Novosibirsk State University,1979,https://scholar.google.com/citations?hl=en&user=mkvDHX8AAAAJ,Larisa L'vovna Maksimova,Novosibirsk State University,1968
,,,,,Dmitrii Matveevich Smirnov,Ivanovo Pedagogical Institute,1951
39,Daniel J. Ryan,University of Sydney,2008,https://scholar.google.com/citations?hl=en&user=bt8Zra8AAAAJ,Iain Bruce Collings,Australian National University,1995
,,,,,Ian Vaughan Lyndon Clarkson,Australian National University,1997
41,Peter Rüppel,Technische Universität Berlin,1997,https://scholar.google.com/citations?hl=en&user=1EAPrBcAAAAJ,Stefan Jähnichen,Technische Universität Berlin,1979
42,Leslie Rusch,Princeton University,1994,https://scholar.google.com/citations?hl=en&user=HXkLzV4AAAAJ,H. Vincent (Harold) Poor,Princeton University,1977
43,Thomas Rusch,Wirtschaftsuniversität Wien,2012,https://scholar.google.com/citations?hl=en&user=SFtoq_AAAAAJ,Reinhold Hatzinger,Universität Wien,1980
,,,,,Kurt Hornik,Technische Universität Wien,1986
45,Francesco Ruscitti,Purdue University,2007,https://scholar.google.com/citations?hl=en&user=WMn3oasAAAAJ,Charalambos Dionisios Aliprantis,California Institute of Technology,1973
,,,,,Gabriele Camera,The University of Iowa,1997
47,Paat Rusmevichientong,Stanford University,2003,https://scholar.google.com/citations?hl=en&user=CntmDugAAAAJ,Benjamin Van Roy,Massachusetts Institute of Technology,1998
48,Raif Rustamov,Princeton University,2005,https://scholar.google.com/citations?hl=en&user=DsxwhJUAAAAJ,Zoltán Szabó,"Rutgers University, New Brunswick",1994
49,Navin Rustagi,The University of New Mexico,2010,https://scholar.google.com/citations?hl=en&user=KM7ayUEAAAAJ,Jared Culver Saia,University of Washington,2002
50,Aldo Rustichini,University of Minnesota - Twin Cities,1988,https://scholar.google.com/citations?hl=en&user=Ek2R1-gAAAAJ,George Roger Sell,University of Michigan,1962
51,Florin Rusu,University of Florida,2009,https://scholar.google.com/citations?hl=en&user=8PfpzuEAAAAJ,Alin Dobra,Cornell University,2001
52,Wheeler Ruml,Harvard University,2002,https://scholar.google.com/citations?hl=en&user=3idW4TkAAAAJ,Stuart Merrill Shieber,Stanford University,1989
53,Kellin Rumsey,The University of New Mexico,2020,https://scholar.google.com/citations?hl=en&user=P_EJ8a0AAAAJ,Gabriel Huerta,Duke University,1998
54,"William Rundell
",University of Glasgow,1974,https://scholar.google.com/citations?hl=en&user=nHLtkFYAAAAJ,David Lem Colton,The University of Edinburgh,1967
55,Lazarus Rundora,University of Limpopo,2018,https://scholar.google.com/citations?hl=en&user=RaeAO_gAAAAJ,Maleafisha Joseph Pekwa Stephen Tladi,University of Cape Town,2004
56,Ingo Runkel,King's College London,2000,https://scholar.google.com/citations?hl=en&user=wuvvHsgAAAAJ,Gerard Marcel Tannerie Watts,University of Cambridge,1990
57,Adam Runions,University of Calgary,2014,https://scholar.google.com/citations?hl=en&user=LvaJVncAAAAJ,Przemyslaw Prusinkiewicz,Technical University of Warsaw,1978
,,,,,Faramarz Famil Samavati,Sharif University of Technology,1999
59,Jason Rute,Carnegie Mellon University,2013,https://scholar.google.com/citations?hl=en&user=Z-oVfDMAAAAJ,Jeremy David Avigad,"University of California, Berkeley",1995
60,Justin Ruths,Washington University in St. Louis,2011,https://scholar.google.com/citations?hl=en&user=LvaJVncAAAAJ,Jr-Shin Li,Harvard University,2006
61,Matthew J. Rutherford,University of Colorado at Boulder,2006,https://scholar.google.com/citations?hl=en&user=PKcv5BMAAAAJ,Alexander Lee Wolf,University of Massachusetts Amherst,1985
62,Serge Tabachnikov,Lomonosov Moscow State University 1987,1987,https://scholar.google.com/citations?hl=en&user=FOrIQEYAAAAJ,Dmitry Borisovich Fuchs,Lomonosov Moscow State University,1964
,,,,,Anatoly Timofeevich Fomenko,Lomonosov Moscow State University ,1969
64,"
Jakub Szymanik",Universiteit van Amsterdam,2009,https://scholar.google.com/citations?hl=en&user=YgIV5XMAAAAJ,Johan F. A. K. van Benthem,Uniwersytet Warszawski ,1985
,,,,,Marcin Mostowski,Universiteit van Amsterdam,1976
66,David Sraer,Institut de Mathématiques de Toulouse,2007,https://scholar.google.com/citations?hl=en&user=bKbp_9cAAAAJ, Jean Tirole,Université Paris IX - Dauphine ,1978
67,Jean Tirole,Massachusetts Institute of Technology,1981,https://scholar.google.com/citations?hl=en&user=ZEDUm5UAAAAJ,Eric Stark Maskin,Harvard University,1976
68,K. M. Nagaraja,Visvesvaraya Technological University,2011,https://scholar.google.com/citations?hl=en&user=jkIRWvEAAAAJ, V. Lokesha,University of Mysore,2003
69,V. Lokesha,University of Mysore,2003,https://scholar.google.com/citations?hl=en&user=3XYkc6oAAAAJ, Huche Gowda,,
70,Vijay Sridhar,The Ohio State University ,2018,https://scholar.google.com/citations?hl=en&user=GNjwI0AAAAAJ,Anastasios Sidiropoulos,Massachusetts Institute of Technology, 2008
,,,,,Yusu Wang,Duke University,2004
72,Anastasios Sidiropoulos,Massachusetts Institute of Technology,2008,https://scholar.google.com/citations?hl=en&user=YR_MYrAAAAAJ,Piotr Indyk,Stanford University,2001
73,Piotr Indyk,Stanford University,2001,https://scholar.google.com/citations?hl=en&user=oOwNKsAAAAAJ,Rajeev Motwani,"University of California, Berkeley",1988
74,Yusu Wang,Duke University,2004,https://scholar.google.com/citations?hl=en&user=L7jhqMIAAAAJ,Pankaj Kumar Agarwal,New York University,1989
,,,,, Herbert Edelsbrunner,Technische Universität Graz,1982
76,Pankaj Kumar Agarwal,New York University,1989,https://scholar.google.com/citations?hl=en&user=xe0eVksAAAAJ,Micha Sharir,Tel Aviv University,1976
77,Nathan Srebro,Massachusetts Institute of Technology ,2004,https://scholar.google.com/citations?hl=en&user=ZnT-QpMAAAAJ,Tommi Sakari Jaakkola,Massachusetts Institute of Technology ,1997
78,Manu Sridharan,"University of California, Berkeley",2007,https://scholar.google.com/citations?hl=en&user=iNtk_EQAAAAJ,Rastislav Bodik,University of Pittsburgh,1999
,,,,,Mary Louise Ehnot Soffa,University of Pittsburgh,1977
80,Rajiv Gupta,University of Pittsburgh,1987,https://scholar.google.com/citations?hl=en&user=6P4bGWAAAAAJ,Mary Louise Ehnot Soffa,University of Pittsburgh ,1977
81,Mohan Sridharan,University of Texas at Austin,2007,https://scholar.google.com/citations?hl=en&user=pKV2QvsAAAAJ,Peter Herald Stone,Carnegie Mellon University ,1998
82,Kanokwan Sitthithakerngkiet,Naresuan University,2013,https://scholar.google.com/citations?hl=en&user=d_zNKFIAAAAJ,Somyot Plubtieng,Chiang Mai University,2000
83,Ramin Zahedi,Colorado State University,2013,https://scholar.google.com/citations?hl=en&user=CRfIwJAAAAAJ,Edwin Kah Pin Chong,Princeton University,1991
84,Sara Zahedi,Kungliga Tekniska Högskolan,2011,https://scholar.google.com/citations?hl=en&user=XnfTI_AAAAAJ,Gunilla Kreiss,Kungliga Tekniska Högskolan,1996
85,Mohammad Zaheri,Georgetown University ,2020,https://scholar.google.com/citations?hl=en&user=XtMoQx8AAAAJ,Adam O'Neill,georgia Institute of Technology,2010
86,Artem Zvavitch,Weizmann Institute of Science ,2001,https://scholar.google.com/citations?hl=en&user=nUk2TG0AAAAJ,Gideon Schechtman,Hebrew University of Jerusalem,1976
87,Dimitri Zvonkine,Université Paris-Sud XI - Orsay ,2003,https://scholar.google.com/citations?hl=en&user=Zc0oXlIAAAAJ,Jean-Michel Bismut,Université Pierre-et-Marie-Curie - Paris VI,1973
88,Radhika Niranjan Mysore,"University of California, San Diego",2013,https://scholar.google.com/citations?hl=en&user=jn6AJ00AAAAJ,M. Amin (Mohammad) Vahdat,"University of California, Berkeley",1998
89,Magnus O. Myreen,University of Cambridge ,2009,https://scholar.google.com/citations?hl=en&user=XfqNgKwAAAAJ,Michael J. C. Gordon,The University of Edinburgh ,1973
90,Dimitrios Myrisiotis,Imperial College London, 2021,https://scholar.google.com/citations?hl=en&user=BvR0TM8AAAAJ,Mahdi Cheraghchi,École Polytechnique Fédérale de Lausanne,2010
91,Margaryta Myronyuk,Institute for Low Temperature Physics and Engineering,2005,https://scholar.google.com/citations?hl=en&user=Abv-JZ0AAAAJ,Gennadiy Feldman,Institute for Low Temperature Physics and Engineering,1973
92,Sergii Myroshnychenko,Kent State University ,2017,https://scholar.google.com/citations?hl=en&user=S89MRxUAAAAJ,Dmitry Ryabogin, Hebrew University of Jerusalem ,2000
93,Mikko Myrskyla,University of Pennsylvania,2009,https://scholar.google.com/citations?hl=en&user=YrpcxfwAAAAJ,Samuel Hulse Preston,Princeton University,1969
94,Frédéric Mynard,Université de Bourgogne,1999,https://scholar.google.com/citations?hl=en&user=hCnLhwsAAAAJ,Szymon Dolecki,Polska Akademia Nauk,1973
95,Mirko Myllykoski,Jyväskylän yliopisto,2015,https://scholar.google.com/citations?hl=en&user=mCWqMbsAAAAJ,Tuomo Rossi,Jyväskylän yliopisto,1996
96,,,,,Jari Toivanen,Jyväskylän yliopisto,1997
97,Thulasi Mylvaganam,Imperial College London,2014 ,https://scholar.google.com/citations?hl=en&user=fIEuk78AAAAJ,Alessandro Astolfi,ETH Zürich,1995
98,Nitin Jonathan Myers,University of Texas at Austin,2020,https://scholar.google.com/citations?hl=en&user=kzVG8YIAAAAJ,"Robert Wendell Heath, Jr.",Doctor of Philosophy Stanford University,2001
99,Violet Mwaffo,New York University,2017,https://scholar.google.com/citations?hl=en&user=HG3LncIAAAAJ,Maurizio Porfiri,Virginia Polytechnic Institute and State University, 2006
100,Peter Mwita,Universität Kaiserslautern,2003,https://scholar.google.com/citations?hl=en&user=xv9qgbcAAAAJ,Jürgen Franke,Johann Wolfgang Goethe-Universität Frankfurt am Main,1980
101,Irene Muzi,Università di Roma La Sapienza,2017,https://scholar.google.com/citations?hl=en&user=sJAR-aoAAAAJ,Paul Joseph Wollan,Georgia Institute of Technology ,2005
102,Almir Mutapcic,Stanford University, 2008,https://scholar.google.com/citations?hl=en&user=bUbySuQAAAAJ,Stephen Poythress Boyd,"University of California, Berkeley",1985 
103,Ibrahim Muter,Sabanci University,2011,https://scholar.google.com/citations?hl=en&user=f5JdNQEAAAAJ,Ilker S. Birbil,North Carolina State University,2002
104,Raghava Mutharaju,Wright State University, 2016,https://scholar.google.com/citations?hl=en&user=69pEM_YAAAAJ,Pascal Hitzler,University College Cork ,2001
105,Pradeep Muthukrishnan,University of Michigan ,2011,https://scholar.google.com/citations?hl=en&user=J6207_8AAAAJ,Dragomir Radkov Radev,Columbia University ,1999
106,Siddharth Muthu Krishnan,University of Southern California ,2018,https://scholar.google.com/citations?hl=en&user=e-7on_IAAAAJ,Daniel A. Lidar,Hebrew University of Jerusalem ,1997
107,,,,,Tameem Albash,University of Southern California ,2010
108,Matt Mutka,University of Wisconsin-Madison,1988,https://scholar.google.com/citations?hl=en&user=wtUJnOcAAAAJ,Miron Livny,Weizmann Institute of Science ,1984
109,Jan Mutl,University of Maryland College Park ,2006,https://scholar.google.com/citations?hl=en&user=4weAtQgAAAAJ,John Chung Chao,Yale University ,1994
110,,,,,Ingmar R. Prucha,Technische Universität Wien ,1977
111,Onur Mutlu,University of Texas at Austin ,2006,https://scholar.google.com/citations?hl=en&user=7XyGUGkAAAAJ,Yale Nance Patt,Stanford University ,1966
112,Madhu Mutyam,"Indian Institute of Technology, Madras", 2003,https://scholar.google.com/citations?hl=en&user=HS4VEdYAAAAJ,Kamala Krithivasan,University of Madras ,1974
113,Torsten Mütze,ETH Zürich, 2011,https://scholar.google.com/citations?hl=en&user=9232pxwAAAAJ,Angelika Steger,Rheinische Friedrich-Wilhelms-Universität Bonn ,1990
114,Petra Mutzel,Universität zu Köln ,1994,https://scholar.google.com/citations?hl=en&user=XIaaJv8AAAAJ,Michael Jünger,Universität Augsburg ,1983
115,Jogesh K. Muppala,Duke University ,1991,https://scholar.google.com/citations?hl=en&user=cG0My4kAAAAJ,Kishor Shridharbhai Trivedi,University of Illinois at Urbana-Champaign ,1974
116,Pham Quy Muoi,Universität Bremen ,2012,https://scholar.google.com/citations?hl=en&user=AZ-yLQQAAAAJ,Peter Maaß,Technische Universität Berlin, 1988
117,,,,,Dinh Nho Hao,Freie Universität Berlin ,1991
118,Kevin J. Mumford,Stanford University, 2007,https://scholar.google.com/citations?hl=en&user=EkWVaRkAAAAJ,Michael Jay Boskin,"University of California, Berkeley ",1971
119,Jonathan Mummolo,Stanford University ,2017,https://scholar.google.com/citations?hl=en&user=jKuV9U4AAAAJ,Justin Ryan Grimmer,Harvard University, 2010
120,Saadia Mumtaz,University of the Punjab ,2018,https://scholar.google.com/citations?hl=en&user=HUDSM6UAAAAJ,https://scholar.google.com/citations?hl=en&user=HUDSM6UAAAAJ,Quaid-i-Azam University ,1992
121,Nermina Mujakovic,University of Zagreb ,1998,https://scholar.google.com/citations?hl=en&user=58A53coAAAAJ,Ibrahim Aganović,University of Zagreb, 1965
122,Naida Mujić,University of Sarajevo, 2018,https://scholar.google.com/citations?hl=en&user=aaxFMMoAAAAJ,Mustafa R. S. Kulenović,University of Sarajevo, 1981
123,Vai-Lam Mui,"University of California, Berkeley ",1992,https://scholar.google.com/citations?hl=en&user=cpLomTwAAAAJ,George Arthur Akerlof,Massachusetts Institute of Technology ,1966
124,,,,,Oliver Eaton Williamson,Carnegie Mellon University, 1963
125,Ellen Muir,University of Melbourne ,2017,https://scholar.google.com/citations?hl=en&user=KJa8dgoAAAAJ,Peter Gerrard Taylor,University of Adelaide ,1987
126,Steve Muir,University of Pennsylvania , 2001,https://scholar.google.com/citations?hl=en&user=WviRXegAAAAJ,Jonathan Michael Smith,Columbia University, 1989
127,Stephen Muirhead,University College London ,2016,https://scholar.google.com/citations?hl=en&user=zihqpdEAAAAJ,Nadia Sidorova,Universität Kaiserslautern, 2003
128,"Jerry R. Muir, Jr.",University of Kentucky ,1999,https://scholar.google.com/citations?hl=en&user=DPmtAzoAAAAJ,Ted Joe Suffridge,University of Kansas, 1965
129,Christian Muise,University of Toronto,2014,https://scholar.google.com/citations?hl=en&user=HUzuGj8AAAAJ,Sheila A. McIlraith,University of Toronto ,1997
130,,,,,Christopher Beck,University of Toronto, 1999 
131,Boris Muha,University of Zagreb ,2010,https://scholar.google.com/citations?hl=en&user=wzO9AHkAAAAJ,Zvonimir Tutek,University of Zagreb ,1982
132,Roby Muhamad,Columbia University ,2010 ,https://scholar.google.com/citations?hl=en&user=6Eb1FpsAAAAJ,Duncan James Watts,Cornell University, 1997
133,Abubakr Muhammad,Georgia Institute of Technology, 2005,https://scholar.google.com/citations?hl=en&user=I8BnID0AAAAJ,Magnus B. Egerstedt,Kungliga Tekniska Högskolan ,2000
134,Noryanti Muhammad,University of Durham, 2016,https://scholar.google.com/citations?hl=en&user=hGQDkd4AAAAJ,Franciscus (Frank) Petrus Antonius Coolen,Technische Universiteit Eindhoven, 1994
135,,,,,Tahani A. Coolen-Maturi,University of Durham, 2010
136,Gero Mühl,Technische Universität Darmstadt ,2002,https://scholar.google.com/citations?hl=en&user=sIbWic8AAAAJ,Alejandro P. Buchmann,University of Texas at Austin,1980
137,Johannes Muhle-Karbe,Technische Universität München, 2009,https://scholar.google.com/citations?hl=en&user=eNr-L2YAAAAJ,Jan Kallsen,Albert-Ludwigs-Universität Freiburg im Breisgau ,1998
138,Ignacio Muga,Universidad de Chile, 2005,https://scholar.google.com/citations?hl=en&user=JblohmAAAAAJ,Jean-Claude Nédélec,Université Paris IV-Sorbonne ,1970
139,,,,,Mario Duran,École Polytechnique, 1996
140,Andrew Mugler,Columbia University ,2010,https://scholar.google.com/citations?hl=en&user=9CMEHHAAAAAJ,Chris H. Wiggins,Princeton University, 1998
141,Ramin Zahedi,Colorado State University,2013,https://scholar.google.com/citations?hl=en&user=CRfIwJAAAAAJ,Edwin Kah Pin Chong,Princeton University,1991
142,Sara Zahedi,Kungliga Tekniska Högskolan,2011,https://scholar.google.com/citations?hl=en&user=XnfTI_AAAAAJ,Gunilla Kreiss,Kungliga Tekniska Högskolan,1996
143,Mohammad Zaheri,Georgetown University ,2020,https://scholar.google.com/citations?hl=en&user=XtMoQx8AAAAJ,Adam O'Neill,georgia Institute of Technology,2010
144,Artem Zvavitch,Weizmann Institute of Science ,2001,https://scholar.google.com/citations?hl=en&user=nUk2TG0AAAAJ,Gideon Schechtman,Hebrew University of Jerusalem,1976
145,Dimitri Zvonkine,Université Paris-Sud XI - Orsay ,2003,https://scholar.google.com/citations?hl=en&user=Zc0oXlIAAAAJ,Jean-Michel Bismut,Université Pierre-et-Marie-Curie - Paris VI,1973
146,Radhika Niranjan Mysore,"University of California, San Diego",2013,https://scholar.google.com/citations?hl=en&user=jn6AJ00AAAAJ,M. Amin (Mohammad) Vahdat,"University of California, Berkeley",1998
147,Magnus O. Myreen,University of Cambridge ,2009,https://scholar.google.com/citations?hl=en&user=XfqNgKwAAAAJ,Michael J. C. Gordon,The University of Edinburgh ,1973
148,Dimitrios Myrisiotis,Imperial College London, 2021,https://scholar.google.com/citations?hl=en&user=BvR0TM8AAAAJ,Mahdi Cheraghchi,École Polytechnique Fédérale de Lausanne,2010
149,Margaryta Myronyuk,Institute for Low Temperature Physics and Engineering,2005,https://scholar.google.com/citations?hl=en&user=Abv-JZ0AAAAJ,Gennadiy Feldman,Institute for Low Temperature Physics and Engineering,1973
150,Sergii Myroshnychenko,Kent State University ,2017,https://scholar.google.com/citations?hl=en&user=S89MRxUAAAAJ,Dmitry Ryabogin, Hebrew University of Jerusalem ,2000
151,Mikko Myrskyla,University of Pennsylvania,2009,https://scholar.google.com/citations?hl=en&user=YrpcxfwAAAAJ,Samuel Hulse Preston,Princeton University,1969
152,Frédéric Mynard,Université de Bourgogne,1999,https://scholar.google.com/citations?hl=en&user=hCnLhwsAAAAJ,Szymon Dolecki,Polska Akademia Nauk,1973
153,Mirko Myllykoski,Jyväskylän yliopisto,2015,https://scholar.google.com/citations?hl=en&user=mCWqMbsAAAAJ,Tuomo Rossi,Jyväskylän yliopisto,1996
154,,,,,Jari Toivanen,Jyväskylän yliopisto,1997
155,Thulasi Mylvaganam,Imperial College London,2014 ,https://scholar.google.com/citations?hl=en&user=fIEuk78AAAAJ,Alessandro Astolfi,ETH Zürich,1995
156,Nitin Jonathan Myers,University of Texas at Austin,2020,https://scholar.google.com/citations?hl=en&user=kzVG8YIAAAAJ,"Robert Wendell Heath, Jr.",Doctor of Philosophy Stanford University,2001
157,Violet Mwaffo,New York University,2017,https://scholar.google.com/citations?hl=en&user=HG3LncIAAAAJ,Maurizio Porfiri,Virginia Polytechnic Institute and State University, 2006
158,Peter Mwita,Universität Kaiserslautern,2003,https://scholar.google.com/citations?hl=en&user=xv9qgbcAAAAJ,Jürgen Franke,Johann Wolfgang Goethe-Universität Frankfurt am Main,1980
159,Irene Muzi,Università di Roma La Sapienza,2017,https://scholar.google.com/citations?hl=en&user=sJAR-aoAAAAJ,Paul Joseph Wollan,Georgia Institute of Technology ,2005
160,Almir Mutapcic,Stanford University, 2008,https://scholar.google.com/citations?hl=en&user=bUbySuQAAAAJ,Stephen Poythress Boyd,"University of California, Berkeley",1985 
161,Ibrahim Muter,Sabanci University,2011,https://scholar.google.com/citations?hl=en&user=f5JdNQEAAAAJ,Ilker S. Birbil,North Carolina State University,2002
162,Raghava Mutharaju,Wright State University, 2016,https://scholar.google.com/citations?hl=en&user=69pEM_YAAAAJ,Pascal Hitzler,University College Cork ,2001
163,Pradeep Muthukrishnan,University of Michigan ,2011,https://scholar.google.com/citations?hl=en&user=J6207_8AAAAJ,Dragomir Radkov Radev,Columbia University ,1999
164,Siddharth Muthu Krishnan,University of Southern California ,2018,https://scholar.google.com/citations?hl=en&user=e-7on_IAAAAJ,Daniel A. Lidar,Hebrew University of Jerusalem ,1997
165,,,,,Tameem Albash,University of Southern California ,2010
166,Matt Mutka,University of Wisconsin-Madison,1988,https://scholar.google.com/citations?hl=en&user=wtUJnOcAAAAJ,Miron Livny,Weizmann Institute of Science ,1984
167,Jan Mutl,University of Maryland College Park ,2006,https://scholar.google.com/citations?hl=en&user=4weAtQgAAAAJ,John Chung Chao,Yale University ,1994
168,,,,,Ingmar R. Prucha,Technische Universität Wien ,1977
169,Onur Mutlu,University of Texas at Austin ,2006,https://scholar.google.com/citations?hl=en&user=7XyGUGkAAAAJ,Yale Nance Patt,Stanford University ,1966
170,Madhu Mutyam,"Indian Institute of Technology, Madras", 2003,https://scholar.google.com/citations?hl=en&user=HS4VEdYAAAAJ,Kamala Krithivasan,University of Madras ,1974
171,Torsten Mütze,ETH Zürich, 2011,https://scholar.google.com/citations?hl=en&user=9232pxwAAAAJ,Angelika Steger,Rheinische Friedrich-Wilhelms-Universität Bonn ,1990
172,Petra Mutzel,Universität zu Köln ,1994,https://scholar.google.com/citations?hl=en&user=XIaaJv8AAAAJ,Michael Jünger,Universität Augsburg ,1983
173,Jogesh K. Muppala,Duke University ,1991,https://scholar.google.com/citations?hl=en&user=cG0My4kAAAAJ,Kishor Shridharbhai Trivedi,University of Illinois at Urbana-Champaign ,1974
174,Pham Quy Muoi,Universität Bremen ,2012,https://scholar.google.com/citations?hl=en&user=AZ-yLQQAAAAJ,Peter Maaß,Technische Universität Berlin, 1988
175,,,,,Dinh Nho Hao,Freie Universität Berlin ,1991
176,Kevin J. Mumford,Stanford University, 2007,https://scholar.google.com/citations?hl=en&user=EkWVaRkAAAAJ,Michael Jay Boskin,"University of California, Berkeley ",1971
177,Jonathan Mummolo,Stanford University ,2017,https://scholar.google.com/citations?hl=en&user=jKuV9U4AAAAJ,Justin Ryan Grimmer,Harvard University, 2010
178,Saadia Mumtaz,University of the Punjab ,2018,https://scholar.google.com/citations?hl=en&user=HUDSM6UAAAAJ,Muhammad Sharif,Quaid-i-Azam University ,1992
179,Nermina Mujakovic,University of Zagreb ,1998,https://scholar.google.com/citations?hl=en&user=58A53coAAAAJ,Ibrahim Aganović,University of Zagreb, 1965
180,Naida Mujić,University of Sarajevo, 2018,https://scholar.google.com/citations?hl=en&user=aaxFMMoAAAAJ,Mustafa R. S. Kulenović,University of Sarajevo, 1981
181,Vai-Lam Mui,"University of California, Berkeley ",1992,https://scholar.google.com/citations?hl=en&user=cpLomTwAAAAJ,George Arthur Akerlof,Massachusetts Institute of Technology ,1966
182,,,,,Oliver Eaton Williamson,Carnegie Mellon University, 1963
183,Ellen Muir,University of Melbourne ,2017,https://scholar.google.com/citations?hl=en&user=KJa8dgoAAAAJ,Peter Gerrard Taylor,University of Adelaide ,1987
184,Steve Muir,University of Pennsylvania , 2001,https://scholar.google.com/citations?hl=en&user=WviRXegAAAAJ,Jonathan Michael Smith,Columbia University, 1989
185,Stephen Muirhead,University College London ,2016,https://scholar.google.com/citations?hl=en&user=zihqpdEAAAAJ,Nadia Sidorova,Universität Kaiserslautern, 2003
186,"Jerry R. Muir, Jr.",University of Kentucky ,1999,https://scholar.google.com/citations?hl=en&user=DPmtAzoAAAAJ,Ted Joe Suffridge,University of Kansas, 1965
187,Christian Muise,University of Toronto,2014,https://scholar.google.com/citations?hl=en&user=HUzuGj8AAAAJ,Sheila A. McIlraith,University of Toronto ,1997
188,,,,,Christopher Beck,University of Toronto, 1999 
189,Boris Muha,University of Zagreb ,2010,https://scholar.google.com/citations?hl=en&user=wzO9AHkAAAAJ,Zvonimir Tutek,University of Zagreb ,1982
190,Roby Muhamad,Columbia University ,2010 ,https://scholar.google.com/citations?hl=en&user=6Eb1FpsAAAAJ,Duncan James Watts,Cornell University, 1997
191,Abubakr Muhammad,Georgia Institute of Technology, 2005,https://scholar.google.com/citations?hl=en&user=I8BnID0AAAAJ,Magnus B. Egerstedt,Kungliga Tekniska Högskolan ,2000
192,Noryanti Muhammad,University of Durham, 2016,https://scholar.google.com/citations?hl=en&user=hGQDkd4AAAAJ,Franciscus (Frank) Petrus Antonius Coolen,Technische Universiteit Eindhoven, 1994
193,,,,,Tahani A. Coolen-Maturi,University of Durham, 2010
194,Gero Mühl,Technische Universität Darmstadt ,2002,https://scholar.google.com/citations?hl=en&user=sIbWic8AAAAJ,Alejandro P. Buchmann,University of Texas at Austin,1980
195,Johannes Muhle-Karbe,Technische Universität München, 2009,https://scholar.google.com/citations?hl=en&user=eNr-L2YAAAAJ,Jan Kallsen,Albert-Ludwigs-Universität Freiburg im Breisgau ,1998
196,Ignacio Muga,Universidad de Chile, 2005,https://scholar.google.com/citations?hl=en&user=JblohmAAAAAJ,Jean-Claude Nédélec,Université Paris IV-Sorbonne ,1970
197,,,,,Mario Duran,École Polytechnique, 1996
198,Andrew Mugler,Columbia University ,2010,https://scholar.google.com/citations?hl=en&user=9CMEHHAAAAAJ,Chris H. Wiggins,Princeton University, 1998
199,Mounir Kaaniche,Ph.D. Université Paris-Est Marne-la-Vallée and Télécom ParisTech,2010,https://scholar.google.com/citations?hl=en&user=DL6mUl8AAAAJ,Advisor 1: Jean-Christophe Pesquet,Doctorat Université Paris-Sud XI - Orsay ,1990
200,,,,,Advisor 2: Béatrice Pesquet-Popescu,Ph.D. École Normale Supérieure de Cachan,1998
201,Jevgeni Kabanov,Ph.D. Tartu University,2013,https://scholar.google.com/citations?hl=en&user=LF9hg8AAAAAJ,Advisor 1: Varmo Vene,Ph.D. Tartu University,2000
202,Mustapha Kabil,Ph.D. Université Claude Bernard Lyon 1,1992,https://scholar.google.com/citations?hl=en&user=ZOxJm4wAAAAJ,Advisor 1: Maurice Andre Pouzet,Doctorat d'Etat es Sciences Université Hassan II de Casablanca,1996
203,Olena Kachko,Ph.D. Kharkiv National University of Radioelectronics,1977,https://scholar.google.com/citations?hl=en&user=cYx-DCwAAAAJ,Advisor 1: Yuriy Petrovich Shabanov-Kushnarenko,D.Sc. Kharkiv National University of Radioelectronics,1969
204,Ayman Kachmar,Ph.D. Université Paris-Sud XI - Orsay and Lebanese University,2007,https://scholar.google.com/citations?hl=en&user=kaE3MxQAAAAJ,Advisor: Bernard Helffer,Ph.D. Université Paris-Sud XI - Orsay,1976
205,,,,,Advisor 2: Mustapha Jazar,Ph.D. Université de Poitiers,1991
206,Arun Kadavankandy,Ph.D. Université de Nice-Sophia Antipolis,2017,https://scholar.google.com/citations?hl=en&user=fkUJB8UAAAAJ,Advisor 1: Konstantin E. Avrachenkov,Ph.D. University of South Australia,1999
207,,,,,Advisor 2: Laura Cottatellucci,NA ,NA
208,Issam Hussein Kaddoura,Ph.D. University of Baghdad,2000,https://scholar.google.com/citations?hl=en&user=W-BJ37AAAAAJ,Advisor: Ghasan Naoum-Adil,Ph.D. New York University,1969
209,Gopal Krishna Kadekodi,Ph.D. University of Southern California,1973,https://scholar.google.com/citations?hl=en&user=DmzlR1oAAAAJ,Advisor 1: Gerhard Tintner,Dr. iur. Universität Wien,1929
210,,,,,Advisor 2: Richard Ernest Bellman,Ph.D. Princeton University,1947
211,Zoran Kadelburg,Ph.D. University of Belgrade,1980,https://scholar.google.com/citations?hl=en&user=IbUb81MAAAAJ,Advisor: Branislav Mirković,Ph.D. University of Belgrade,1970
212,Claus Kadelka,Ph.D. Virginia Polytechnic Institute and State University ,2015,https://scholar.google.com/citations?hl=en&user=1rZPx7AAAAAJ,Advisor 1: Reinhard Christian Laubenbacher,Ph.D. Northwestern University,1985
213,Marika Kaden,Dr. rer. nat. Ingenieurhochschule Mittweida and Universität Leipzig,2016,https://scholar.google.com/citations?hl=en&user=1YvHz2kAAAAJ,Advisor 1: Thomas Villmann,Dr. rer. nat. Universität Leipzig,1996
214,,,,,Advisor 2: Martin Bogdan,NA ,NA
215,Lars Kaderali,Dr. rer. nat. Universität zu Köln,2006,https://scholar.google.com/citations?hl=en&user=n4q5uIMAAAAJ,Advisor 1: Rainer Schrader,Dr. Rheinische Friedrich-Wilhelms-Universität Bon,1982
216,Vladimir Kadets,Ph.D. Rostov on Don State University and Rostov on Don Institute of Civil Engineering,1985,https://scholar.google.com/citations?hl=en&user=kfV-Ue4AAAAJ,Advisor 1: Naum Samoilovich Landkof,Ph.D. Taras Shevchenko National University of Kyiv,1940
217,,,,,Advisor 2: Mikhail Iosifovich Kadets,Ph.D. Vasyl Karazin Kharkiv National University,1955
218,Carl Myers Kadie,Ph.D. University of Illinois at Urbana-Champaign,1995,https://scholar.google.com/citations?hl=en&user=HgFR4gIAAAAJ,Advisor: David Chester Wilkins,Ph.D. University of Michigan,1987
219,Christian Käding,Ph.D. University of Nottingham ,2019,https://scholar.google.com/citations?hl=en&user=-Q8NvxUAAAAJ,Advisor 1: Clare Burrage,Ph.D. University of Cambridge,2009
220,Samet Kadioglu,Ph.D. Florida State University ,2005,https://scholar.google.com/citations?hl=en&user=hJrzxikAAAAJ,Advisor: Mark Sussman,"Ph.D. University of California, Los Angeles",1994
221,Serdar Kadioglu,Ph.D. Brown University,2012,https://scholar.google.com/citations?hl=en&user=tOgYtHkAAAAJ,Advisor 1: Meinolf Sellmann,Ph.D. Universität Paderborn,2002
222,Shabnam Nargis Kadir,D. Phil. University of Oxford ,2004,https://scholar.google.com/citations?hl=en&user=NEd35e8AAAAJ,Advisor 1: Philip Candelas,D.Phil. University of Oxford,1977
223,Wrya Karim Kadir,Ph.D. Universitetet i Bergen,2022,https://scholar.google.com/citations?hl=en&user=NEd35e8AAAAJ,Advisor 2: Chunlei Li,Ph.D. Universitetet i Bergen ,2014
224,,,,,Advisor 2: Ferdinando Zullo,"Ph.D. Università degli Studi della Campania ""Luigi Vanvitelli""",2018
225,Habiba Kadiri,Ph.D. Université des Sciences et Technologie de Lille-Lille I ,2002,https://scholar.google.com/citations?hl=en&user=cR4jb-wAAAAJ,dvisor: Olivier Ramaré,Ph.D. Université Bordeaux 1 ,1991
226,,,,,Advisor 2: Hervé Queffélec,NA ,NA
227,Selvi Kadirvel,Ph.D. University of Florida,2013,https://scholar.google.com/citations?hl=en&user=wWzeNE8AAAAJ,Advisor 1: José Antonio Baptista Fortes,Ph.D. University of Southern California,1984
228,,,,,Advisor 2: Pramod Prabhakar Khargonekar,Ph.D. University of Florida,1981
229,,,,,Advisor 3: Renato Figueiredo,NA ,NA
230,,,,,Advisor 4: Shigang Chen,NA ,NA
231,Lars David Kadison,"Ph.D. University of California, Berkeley",1989,https://scholar.google.com/citations?hl=en&user=GepsEp8AAAAJ,Advisor: John Bason Wagoner,Ph.D. Princeton University,1966
232,Bharadwaj Kadiyala,Ph.D. University of Texas at Dallas,2017,https://scholar.google.com/citations?hl=en&user=_g2QgMAAAAAJ,Advisor 1: Özalp Özer,Ph.D. Columbia University ,2000
233,Sachin Kadloor,Ph.D. University of Illinois at Urbana-Champaign,2013,https://scholar.google.com/citations?hl=en&user=qADmrBYAAAAJ,Advisor 1: Negar Kiyavash,Ph.D. University of Illinois at Urbana-Champaign,2006
234,Benjamin Kadoch,Dr. Université Aix-Marseille,2009,https://scholar.google.com/citations?hl=en&user=3ZVqHvkAAAAJ,Advisor 1: Kai Schneider,Dr. rer. nat. Universität Kaiserslautern,1996
235,Therrar Kadri,Ph.D. Beirut Arab University,2014,https://scholar.google.com/citations?hl=en&user=xB8TMTcAAAAJ,Supervisor: Seifedine Kadry,Ph.D. Université Blaise Pascal,2007
236,Seifedine Kadry,Ph.D. Université Blaise Pascal ,2007,https://scholar.google.com/citations?hl=en&user=EAVEmg0AAAAJ,Advisor 1: Alaa Chateauneuf,NA ,NA
237,Shirali Kadyrov,Ph.D. The Ohio State University,2010,https://scholar.google.com/citations?hl=en&user=RAa3Sw4AAAAJ,Advisor 1: Nimish Arun Shah,Ph.D. Tata Institute of Fundamental Research,1994
238,,,,,Advisor 2: Manfred L. Einsiedler,Ph.D. Universität Wien,1999
239,Adrian Leslie Kaehler,Ph.D. Columbia University,1999,https://scholar.google.com/citations?hl=en&user=_91xHf8AAAAJ,Advisor 1: Norman Howard Christ,Ph.D. Columbia University,1967
240,Antti Käenmäki,Ph.D. Jyväskylän yliopisto,2003,https://scholar.google.com/citations?hl=en&user=ubIXkowAAAAJ,Advisor: Pertti Mattila,Ph.D. Helsingin yliopisto,1973
241,Michael Kaess,Ph.D. Georgia Institute of Technology ,2008,https://scholar.google.com/citations?hl=en&user=27eupmsAAAAJ,Advisor 1: Frank Dellaert,Ph.D. Carnegie Mellon University,2001
242,Tobias Kärner,Dr. rer. pol. Otto-Friedrich-Universität Bamberg,2014,https://scholar.google.com/citations?hl=en&user=v7iLuW4AAAAJ,Advisor 1: Detlef Sembill,NA ,NA
243,Ozgur Kafali,Ph.D. Boğaziçi University,2012,https://scholar.google.com/citations?hl=en&user=oKXfQusAAAAJ,Advisor 1: Pinar Yolum,Ph.D. North Carolina State University,2003
244,Ahmed Kaffel,Ph.D. Virginia Polytechnic Institute and State University,2011,https://scholar.google.com/citations?hl=en&user=qsyguP4AAAAJ,Advisor 1: Michael Renardy,Dr. rer. nat. Universität Stuttgart,1980
245,Dennis George Kafura,Ph.D. Purdue University,1974,https://scholar.google.com/citations?hl=en&user=rWuQTEcAAAAJ,Advisor: Vincent Yun-Shen Shen,Ph.D. Princeton University ,1969
246,Lalana Kagal,Ph.D. University of Maryland Baltimore County,2004,https://scholar.google.com/citations?hl=en&user=tetdudUAAAAJ,Advisor 1: Timothy Wilking Finin,Ph.D. University of Illinois at Urbana-Champaign,1980
247,Nabil Kahale,Ph.D. Massachusetts Institute of Technology,1993,https://scholar.google.com/citations?hl=en&user=FqcSaNkAAAAJ,Advisor: F. Thomson (Frank) Leighton,Ph.D. Massachusetts Institute of Technology,1981
248,Adar Kahana,Ph.D. Tel Aviv University,2021,https://scholar.google.com/citations?hl=en&user=IXKTDFAAAAAJ,Advisor 1: Eli L. Turkel,Ph.D. New York University ,1970
249,Jürgen Lorenz,Universität Leipzig,2002,https://scholar.google.com/citations?hl=en&user=DBb3zcMAAAAJ,Bernd Fritzsche,Universität Leipzig,
250,Vladimir Hahanov,Kharkiv National University of Radioelectronics,1985,https://scholar.google.com/citations?hl=en&user=lmVrEM4AAAAJ,Gennady Krivoulya,Kharkiv National University of Radioelectronics,1983
251,Vagan Terziyan,Kharkiv National University of Radioelectronics,1985,https://scholar.google.com/citations?hl=en&user=4U8ydfgAAAAJ,Vladimir Lovitskii,Kharkiv National University of Radioelectronics,1970
252,Mohammadreza Galavii,Technische Universität Graz,2008,https://scholar.google.com/citations?hl=en&user=1Mhn2fYAAAAJ,Rainer Ernst Burkard,Universität Wien,1983
253,John Peebles,Massachusetts Institute of Technology,2019,https://scholar.google.com/citations?hl=en&user=V_8FovEAAAAJ,Jonathan A. Kelner,Massachusetts Institute of Technology,1967
254,Angela Peace,Arizona State University,2014,https://scholar.google.com/citations?hl=en&user=S9mVynEAAAAJ,Yang Kuang,University of Alberta,2006
255,Mark van der Laan,Virginia Commonwealth University,1976,https://scholar.google.com/citations?hl=en&user=-zaDQ10AAAAJ,Roger Everette Flora,Virginia Polytechnic Institute and State University,1988
256,Michael Peacey,University of Bristol,2014,https://scholar.google.com/citations?hl=en&user=Zmzd9AwAAAAJ,In-Uck Park,University of Minnesota - Twin Cities,1966
257,Michael J G Peach,University of Bristol,2004,https://scholar.google.com/citations?hl=en&user=7krGtrkAAAAJ,Joseph I-Jell Chuang,The University of Chicago,1993
258,Stephanie J. Peacock,University of Alberta,2015,https://scholar.google.com/citations?hl=en&user=_CqJ1R8AAAAJ,Mark Alun Lewis,University of Oxford,1998
259,Charles A. Pierce,University of Wisconsin-Madison,1937,https://scholar.google.com/citations?hl=en&user=dpKeotMAAAAJ,Selig Perlman,University of Wisconsin-Madison,1990
260,Douglas K Pearce,University of Wisconsin-Madison,1974,https://scholar.google.com/citations?hl=en&user=1WDhs-MAAAAJ,Edgar L. Feige,The University of Chicago,1915
261,Oliver Pfaffel,Technische Universität München,2021,https://scholar.google.com/citations?hl=en&user=A_8Zn3gAAAAJ,Robert Stelzer,Technische Universität München,1963
262,Christian Bär,Rheinische Friedrich-Wilhelms-Universität Bonn,1990,https://scholar.google.com/citations?hl=en&user=uWyDsKMAAAAJ,Hans Werner Ballmann,Rheinische Friedrich-Wilhelms-Universität Bonn,2007
263,Bernd Ammann,Albert-Ludwigs-Universität Freiburg im Breisgau,1998,https://scholar.google.com/citations?hl=en&user=FoHiOGsAAAAJ,Christian Bär,Rheinische Friedrich-Wilhelms-Universität Bonn,1979
264,Dietmar Pfahl,Technische Universität Kaiserslautern,2001,https://scholar.google.com/citations?hl=en&user=xvo0RJcAAAAJ,Dieter Hans Rombach,Technische Universität Kaiserslautern,1990
265,Martin R. Pfaller,Technische Universität München,2019,https://scholar.google.com/citations?hl=en&user=_SNRwoYAAAAJ,Cristóbal Andrés Bertoglio Beltrán,Université Pierre-et-Marie-Curie - Paris VI,1984
266,Jean-Frédéric Gerbeau,École Nationale des Ponts et Chaussées,1998,https://scholar.google.com/citations?hl=en&user=_GYNP-wAAAAJ,Claude Le Bris,École Polytechnique,2012
267,Damiano Lombardi,Université Bordeaux 1,2011,https://scholar.google.com/citations?hl=en&user=FIAygvMAAAAJ,Angelo Iollo,Politecnico di Torino,1993
268,Jean-Michel Ghidaglia,Université Paris-Sud XI - Orsay,1987,https://scholar.google.com/citations?hl=en&user=uWhIm5cAAAAJ,Roger Meyer Temam,Université de Paris,1995
269,Raphaèle Herbin,Université Claude Bernard Lyon 1,1986,https://scholar.google.com/citations?hl=en&user=_JT4GjcAAAAJ,Francis Conrad,Université Claude Bernard Lyon 1,1967
270,Manuel Kauers,Johannes Kepler Universität Linz,2005,https://scholar.google.com/citations?hl=en&user=Dmpftj4AAAAJ,Peter Paule,Universität Wien,1983
271,Matthew Hirn,University of Maryland College Park,2009,https://scholar.google.com/citations?hl=en&user=mByPd_QAAAAJ,John Joseph Benedetto,University of Toronto,1982
272,John H Lienhard,"University of California, San Diego",1988,https://scholar.google.com/citations?hl=en&user=ekOjIjIAAAAJ,Charles William Van Atta,California Institute of Technology,1964
273,Christian Klingenberg,New York University,1983,https://scholar.google.com/citations?hl=en&user=S6MCm88AAAAJ,Cathleen Synge Morawetz,New York University,1965
274,William Rundell,University of Glasgow,1974,https://scholar.google.com/citations?hl=en&user=nHLtkFYAAAAJ,David Lem Colton,The University of Edinburgh,1951
275,Srinjoy Das,"University of California, San Diego",2018,https://scholar.google.com/citations?hl=en&user=Sol2ivcAAAAJ,Kenneth Keith Kreutz-Delgado,"University of California, San Diego",1967
276,Cécile Levasseur,"University of California, San Diego",2009,https://scholar.google.com/citations?hl=en&user=86__CUEAAAAJ,Uwe F. Mayer,University of Utah,1985
277,Jan F. Prins,Cornell University,1987,https://scholar.google.com/citations?hl=en&user=VFMbBPgAAAAJ,David Gries,Technische Universität München,1995
278,Ibrahim Qasemzadeh Kolagar,Shahed University,2018,https://scholar.google.com/citations?hl=en&user=ktrhMAYAAAAJ,Hamid Haj Seyyed Javadi,Amirkabir University of Technology (Tehran Polytechnic University),1966
279,Vahed Qazvinian,University of Michigan,2012,https://scholar.google.com/citations?hl=en&user=BG7rW8oAAAAJ,Dragomir Radkov Radev,Columbia University,2003
280,Fares Qeadan,he University of New Mexico,2014,https://scholar.google.com/citations?hl=en&user=CE6sBxkAAAAJ,Ronald Richard Christensen,University of Minnesota - Twin Cities,1999
281,Meng Qian,,2015,https://scholar.google.com/citations?hl=en&user=EqLVU-kAAAAJ,Yongzhao Shao,Tufts University,1983
282,Mingjie Qian,University of Illinois at Urbana-Champaign,2015,https://scholar.google.com/citations?hl=en&user=JYCcfsgAAAAJ,ChengXiang Zhai,Carnegie Mellon University,1994
283,Disheng Qiu,Università degli Studi di Roma Tre,2015,https://scholar.google.com/citations?hl=en&user=dxqszzYAAAAJ,Paolo Merialdo,Università di Roma La Sapienza,2002
284,Dun Qiu,"University of California, San Diego",2019,https://scholar.google.com/citations?hl=en&user=u5ZGKvEAAAAJ,Jeffrey Brian Remmel,Cornell University,1998
285,Kun Qiu,Iowa State University,2011,https://scholar.google.com/citations?hl=en&user=z3DawokAAAAJ,Aleksandar Dogandzic,University of Illinois at Chicago,1974
286,Weiyuan Qiu,Fudan University,1990,https://scholar.google.com/citations?hl=en&user=Ea4LufgAAAAJ,Fuyao Ren,Fudan University,2001
287,Xing Qiu,University of Rochester,2004,https://scholar.google.com/citations?hl=en&user=FSkmWXYAAAAJ,Michael Cranston,University of Minnesota - Twin Cities,
288,Zhan Qiu,Imperial College London,2017,https://scholar.google.com/citations?hl=en&user=zZgfXuAAAAAJ,Peter George Harrison,Imperial College London,1980
289,Rick Quax,Universiteit van Amsterdam,2013,https://scholar.google.com/citations?hl=en&user=2dScK0AAAAAJ,"Peter M. A,. Sloot",Universiteit van Amsterdam,1979
290,João Filipe Queiró,Universidade de Coimbra,1988,https://scholar.google.com/citations?hl=en&user=XGKh2wwAAAAJ,Eduardo Manuel Freire Marques de Sá,Universidade de Coimbra,1988
291,Marco Querini,Università degli Studi di Roma Tor Vergata,2014,https://scholar.google.com/citations?hl=en&user=8LHqqu0AAAAJ,Giuseppe F. Italiano,Columbia University,1980
292,Elisa Quintarelli,Politecnico di Milano,2002,https://scholar.google.com/citations?hl=en&user=QpbUFRsAAAAJ,Agostino Dovier,Università di Pisa,1991
293,Matias Quiroz,Stockholm University,2015,https://scholar.google.com/citations?hl=en&user=0LMxciwAAAAJ,Mattias Villani,Stockholm University,1996
294,Bentley James Oakes,McGill University,2018,https://scholar.google.com/citations?user=x9H9H4QAAAAJ&hl=en&oi=ao,Clark Verbrugge,McGill University,2000
295,Bryan A. Oakley,University of Wisconsin-Madison,2022,https://scholar.google.com/citations?user=gmpSpjYAAAAJ&hl=en&oi=ao,Jean-Luc Thiffeault,University of Texas at Austin,1996
296,Constantin Daniel OANCEA,York University,2010,https://scholar.google.com/citations?hl=en&user=4h8-KeYAAAAJ,Robert Geoffrey Burns,Australian National University,1998
297,Hussein OBEID,University of Caen Normand,2021,https://scholar.google.com/citations?hl=en&user=xI9otO0AAAAJ,Alan David Rendall,University of Aberdeen,1966
298,Nadim Obeid,The University of Jordan,1987,https://scholar.google.com/citations?hl=en&user=5mFzWvEAAAAJ,Raymond Turner,University of London,1987
299,Hamid Naji Obied,university of babylon,2002,https://scholar.google.com/citations?hl=en&user=vXVENh8AAAAJ,Luis Fariñas del Cerro,Université Paris Diderot - Paris,1981
300,Ossama Obeid,New York University Abu Dhabi,1993,https://scholar.google.com/citations?hl=en&user=Tmw_ZowAAAAJ,Russell Gene Bilyeu,University of Kansas,1981
301,Günther Deuschl,Christian-Albrechts University Kiel,2006,https://scholar.google.com/citations?hl=en&user=SNnXK9kAAAAJ,Olaf Steinbach,Universität Stuttgart,1961
302,Prof. Dr. Ersin Ozugurlu,University of Wisconsin-Madison,1999,https://scholar.google.com/citations?hl=en&user=AIWGEiQAAAAJ,Jean-Marc Vanden-Broeck,University of Adelaide,1996
303,ÖZGE ÖZTİMUR KARADAĞ,Alanya Alaaddin Keykubat University,2014,https://scholar.google.com/citations?hl=en&user=Qk3M8noAAAAJ,Fatos Tunay Yarman-Vural,Princeton University,1978
304,Can Ozturan,Bogazici University,1995,https://scholar.google.com/citations?hl=en&user=--uJKY0AAAAJ,Joseph E. Flaherty,Polytechnic University,1981
305,A. Alper Öztürk,Anadolu Üniversites,2005,https://scholar.google.com/citations?hl=en&user=G1Fl8poAAAAJ,Baki Mehmet Cetegen,California Institute of Technology,1969
306,Berk Ozturk,Massachusetts Institute of Technology,2022,https://scholar.google.com/citations?hl=en&user=XypmqLIAAAAJ,Dimitris John Bertsimas,Massachusetts Institute of Technology,1982
307,MAHPEYKER OZTURK,Sakarya Üniversitesi,2011,https://scholar.google.com/citations?hl=en&user=Mf_4AD0AAAAJ,Metin Basarir,Ankara University,1988
308,Ozkan Ozturk,Giresun University,2016,https://scholar.google.com/citations?hl=en&user=asEuCs8AAAAJ,Elvan Akin,University of Nebraska-Lincoln,1988
309,Fırat Özsaraç,Ege Üniversitesi,2021,https://scholar.google.com/citations?hl=en&user=j1afYhQAAAAJ,Ibrahim Canak,Missouri University of Science and Technology,2000
310,Türker Özsarı,Bilkent University,2010,https://scholar.google.com/citations?view_op=view_org&hl=en&org=13026521743771720503,Irena Lasiecka,Uniwersytet Warszawski,1998
311,Michael Oppermann,University of British Columbia,2021,https://scholar.google.com/citations?hl=en&user=Nf8TQBQAAAAJ,Tamara Macushla Munzner,Stanford University,1975
312,Naomi Oppenheimer,Tel Aviv University,2012,https://scholar.google.com/citations?hl=en&user=7Z_jiKkAAAAJ,Haim Diamant,Tel Aviv University,2000
313,Izhar Oppenheim,Technion-Israel Institute of Technology,2012,https://scholar.google.com/citations?hl=en&user=hxl_xNUAAAAJ,Uri Bader,Technion-Israel Institute of Technology,1999
314,Michael Opitz,Graz University of Technology,1980,https://scholar.google.com/citations?view_op=view_org&hl=en&org=12942751292726083815,Franz Kappel,Universität Graz,2005
315,Dr. Alex Akwasi Opoku,University of Energy and Natural Resources,2009,https://scholar.google.com/citations?hl=en&user=AnidAlsAAAAJ,Christof Külske,Ruhr-Universität Bochum,1963
316,Jakub Opršal,"Institute of Science and Technology, Austria",2016,https://scholar.google.com/citations?hl=en&user=FSut4R4AAAAJ,Libor Barto,Charles University,1993
317,Kristopher Opron,University of Michigan,2016,https://scholar.google.com/citations?hl=en&user=1RMHogwAAAAJ,Guowei W. Wei,University of British Columbia,2006
318,Bristena Oprisanu,University College London,2021,https://scholar.google.com/citations?hl=en&user=E_zOwesAAAAJ,Emiliano De Cristofaro,"University of California, Irvine",1996
319,Vasile I. Oproiu,Alexandru Ioan Cuza University of Iasi,1969,https://scholar.google.com/citations?hl=en&user=sDZ4th4AAAAJ,Gheorghe Ivanov Gheorghiev,Alexandru Ioan Cuza University of Iasi,2011
320,Ana-Maria Oprescu,Vrije Universiteit Amsterdam,2013,https://scholar.google.com/citations?hl=en&user=cWSfzoUAAAAJ,Henri Elle Bal,Vrije Universiteit Amsterdam,1946
321,Oprea Dragoş Ştefan,Bucharest University of Economic Studies,2005,https://scholar.google.com/citations?hl=en&user=Uyo-5QwAAAAJ,https://scholar.google.com/citations?hl=en&user=kobaw80AAAAJ,Harvard University,1989
322,Jean D. Opsomer,Cornell University,1995,https://scholar.google.com/citations?hl=en&user=kobaw80AAAAJ,David Ruppert,Michigan State University,1988
323,Jaroslav Opatrny,University of Waterloo,1975,https://scholar.google.com/citations?hl=en&user=8X0X2U4AAAAJ,"Karel Culik, II",Czechoslovak Academy of Science,1977
324,Winson Taam,University of Wisconsin-Madison,1988,https://scholar.google.com/citations?hl=en&user=zgljONQAAAAJ,Brian Stuart Yandell,"University of California, Berkeley",1966
325,Abderrahim Taamouti,Université de Montréal,2007,https://scholar.google.com/citations?hl=en&user=OFBXFLIAAAAJ,Jean-Marie Dufour,he University of Chicago,1981
326,Siamak Taati,Turun yliopisto,2009,https://scholar.google.com/citations?hl=en&user=f8OT-nAAAAAJ,Jarkko Kari,Turun yliopisto,1979
327,Serge Tabachnikov,Lomonosov Moscow State University,1987,https://scholar.google.com/citations?hl=en&user=FOrIQEYAAAAJ,Dmitry Borisovich Fuchs,Lomonosov Moscow State University,1990
328,N. Taback,University of Toronto,1998,https://scholar.google.com/citations?hl=en&user=Ji_Iyg0AAAAJ,Donald A. S. Fraser,Princeton University 1,1964
329,Eduardo Tabacman,University of Minnesota - Twin Cities,1994,https://scholar.google.com/citations?hl=en&user=Ji_Iyg0AAAAJ,Richard P. McGehee,University of Wisconsin-Madiso,1949
330,Mahmood Tabaddor,Virginia Polytechnic Institute and State University,1996,https://scholar.google.com/citations?hl=en&user=3BZgvIYAAAAJ,Ali Hasan Nayfeh,Stanford University,1969
331,John Tabak,Rensselaer Polytechnic Institute,1993,https://scholar.google.com/citations?hl=en&user=q2IK94QAAAAJ,Donald Allen Drew,ensselaer Polytechnic Institute,1964
332,Frank Tabakin,Massachusetts Institute of Technology,1963,https://scholar.google.com/citations?hl=en&user=S-LET58AAAAJ,Felix Villars,ETH Zürich,1990
333,Deian Tabakov,Rice University,2010,https://scholar.google.com/citations?hl=en&user=kRdzQucAAAAJ,Moshe Y. Vardi,Hebrew University of Jerusalem,1946
334,Nicolas Tabareau,Université Paris Diderot - Paris,2008,https://scholar.google.com/citations?hl=en&view_op=search_authors&mauthors=Nicolas+Tabareau&btnG=,Paul-André Melliès,Université Paris Diderot - Paris 7,1981
335,E. V. Tabarintseva,Dissertation:,1993,https://scholar.google.com/citations?hl=en&user=OYFZvZsAAAAJ,Vitaliĭ Pavlovich Tanana,Dissertation:,1996
336,Alireza Tabarraei,"University of California, Davis",2008,https://scholar.google.com/citations?hl=en&user=-OwBidMAAAAJ,Natarajan Sukumar,Northwestern University,1971
337,Afshan Tabassum,"bdus Salam School of Mathematical Sciences GC University, Lahore",2014,https://scholar.google.com/citations?hl=en&user=T554Dq0AAAAJ,Constantin Buse,West University of Timisoara,1998
338,Mohammad Tabatabaei,Jyväskylän yliopisto,2016,https://scholar.google.com/citations?hl=en&user=3D9xad0AAAAJ,Kaisa Miettinen,Jyväskylän yliopisto,1996
339,Seyed Amin Tabatabaei,Vrije Universiteit Amsterdam,2018,https://scholar.google.com/citations?hl=en&user=7OaFOIQAAAAJ,Jan Treur,Universiteit Utrecht,1994
340,SM Hossein Tabatabaei Yazdi,"Teacher Training University, Tehran",,https://scholar.google.com/citations?hl=en&user=NxwX47MAAAAJ,Alireza Reza Medghalchi,University of Sheffield,1976
341,Loni Philip Tabb,Harvard University,2010,https://scholar.google.com/citations?hl=en&user=nEx8NnEAAAAJ,Brent Andrew Coull,University of Florida 1997,1982
342,William Kenneth Tabb,University of Wisconsin-Madison,1968,https://scholar.google.com/citations?hl=en&user=aIY_7nQAAAAJ,HarvardRichard Hollis Day University,Harvard University,
343,Fatemehsadat Tabei,Texas Tech University,2021,https://scholar.google.com/citations?hl=en&user=daJ-QtIAAAAJ,Jo Woon Chong,Massachusetts Institute of Technology,1961
344,Samaneh Tabejamaat,"Dissertation:
 Mathematics Subject Classification: 13—Commutative rings and algebras",,https://scholar.google.com/citations?hl=en&user=ta-YhOUAAAAJ,Amir Mafi,Tarbiat Moallem University,2012
345,Luis Felipe Tabera,Universidad de Cantabria and Université Rennes I,2007,https://scholar.google.com/citations?hl=en&view_op=search_authors&mauthors=Luis+Felipe+Tabera&btnG=,Tomás Recio,Universidad Complutense de Madrid,2005
346,Majid Tabesh,Texas A&M University,2015,https://scholar.google.com/citations?hl=en&user=b91gFBkAAAAJ,Dimitris C. Lagoudas,Lehigh University,1976
347,Gelo Noel Tabia,University of Waterloo,2013,https://scholar.google.com/citations?hl=en&user=Ug9KBmMAAAAJ,Christopher Alan Fuchs,The University of New Mexico,1986
348,Mario Taboada,University of Minnesota - Twin Cities,1989,https://scholar.google.com/citations?hl=en&user=N_LYhewAAAAJ,George Roger Sell,University of Michigan,1996
349,Plácido Zoega Táboas,Universidade de São Paulo,1975,https://scholar.google.com/citations?hl=en&view_op=search_authors&mauthors=Mario+Taboada&btnG=,Plácido Zoega Táboas,Universidade de São Paulo,1962
350,Tabod Charles Tabod,University of Lanzhou,1991,https://scholar.google.com/citations?hl=en&user=vcv5cQsAAAAJ,James Derek Fairhead,University of Newcastle upon Tyne,1975
351,Douglas Tabor,Utah State University,,https://scholar.google.com/citations?hl=en&user=OYP4fmUAAAAJ,,,1975
352,Jacek Tabor,Uniwersytet Jagielloński,2000,https://scholar.google.com/citations?hl=en&user=zSKYziUAAAAJ,Andrzej Pelczar,Uniwersytet Jagielloński,
353,Max Tabord-Meehan,Northwestern University,2019,https://scholar.google.com/citations?hl=en&user=kMwq2WcAAAAJ,Ivan Alexis Canay,University of Wisconsin-Madison,1964
354,Ibrahim Qasemzadeh Kolagar,Shahed University,2018,https://scholar.google.com/citations?hl=en&user=ktrhMAYAAAAJ,Hamid Haj Seyyed Javadi,Amirkabir University of Technology (Tehran Polytechnic University),
355,Vahed Qazvinian,University of Michigan,2012,https://scholar.google.com/citations?hl=en&user=BG7rW8oAAAAJ,Dragomir Radkov Radev,Columbia University,2003
356,Fares Qeadan,he University of New Mexico,2014,https://scholar.google.com/citations?hl=en&user=CE6sBxkAAAAJ,Ronald Richard Christensen,University of Minnesota - Twin Cities,1999
357,Meng Qian,,2015,https://scholar.google.com/citations?hl=en&user=EqLVU-kAAAAJ,Yongzhao Shao,Tufts University,1983
358,Mingjie Qian,University of Illinois at Urbana-Champaign,2015,https://scholar.google.com/citations?hl=en&user=JYCcfsgAAAAJ,ChengXiang Zhai,Carnegie Mellon University,1994
359,Disheng Qiu,Università degli Studi di Roma Tre,2015,https://scholar.google.com/citations?hl=en&user=dxqszzYAAAAJ,Paolo Merialdo,Università di Roma La Sapienza,2002
360,Dun Qiu,"University of California, San Diego",2019,https://scholar.google.com/citations?hl=en&user=u5ZGKvEAAAAJ,Jeffrey Brian Remmel,Cornell University,1998
361,Kun Qiu,Iowa State University,2011,https://scholar.google.com/citations?hl=en&user=z3DawokAAAAJ,Aleksandar Dogandzic,University of Illinois at Chicago,1974
362,Weiyuan Qiu,Fudan University,1990,https://scholar.google.com/citations?hl=en&user=Ea4LufgAAAAJ,Fuyao Ren,Fudan University,2001
363,Xing Qiu,University of Rochester,2004,https://scholar.google.com/citations?hl=en&user=FSkmWXYAAAAJ,Michael Cranston,University of Minnesota - Twin Cities,
364,Zhan Qiu,Imperial College London,2017,https://scholar.google.com/citations?hl=en&user=zZgfXuAAAAAJ,Peter George Harrison,Imperial College London,1980
365,Rick Quax,Universiteit van Amsterdam,2013,https://scholar.google.com/citations?hl=en&user=2dScK0AAAAAJ,"Peter M. A,. Sloot",Universiteit van Amsterdam,1979
366,João Filipe Queiró,Universidade de Coimbra,1988,https://scholar.google.com/citations?hl=en&user=XGKh2wwAAAAJ,Eduardo Manuel Freire Marques de Sá,Universidade de Coimbra,1988
367,Marco Querini,Università degli Studi di Roma Tor Vergata,2014,https://scholar.google.com/citations?hl=en&user=8LHqqu0AAAAJ,Giuseppe F. Italiano,Columbia University,1980
368,Elisa Quintarelli,Politecnico di Milano,2002,https://scholar.google.com/citations?hl=en&user=QpbUFRsAAAAJ,Agostino Dovier,Università di Pisa,1991
369,Matias Quiroz,Stockholm University,2015,https://scholar.google.com/citations?hl=en&user=0LMxciwAAAAJ,Mattias Villani,Stockholm University,1996
370,Antoine Vacavant,Université Lumière Lyon 2,2008,https://scholar.google.com/citations?hl=en&user=KtUOp9YAAAAJ,David Coeurjolly,Université Lumière Lyon 2,2002
371,Francesco Vaccarino,Università di Torino,1994,https://scholar.google.com/citations?hl=en&user=4XfzoZQAAAAJ,Umberto Cerruti,Università di Torino,1971
372,Neil Vachharajani,Princeton University,208,https://scholar.google.com/citations?hl=en&user=IXU1BdsAAAAJ,David Isaac August,University of Illinois at Urbana-Champaign,2000
373,George Vachadze,University of Wisconsin-Milwaukee,2003,https://scholar.google.com/citations?hl=en&user=6VgvEVIAAAAJ,Eric Stephen Key,Cornell University,1983
374,Jonathan Vacher,Université Paris IX - Dauphine and Centre national de la recherche scientifique,2017,https://scholar.google.com/citations?hl=en&user=natqiOwAAAAJ,Gabriel Peyré,École Polytechnique,2005
375,Richard Uber,Air Force Institute of Technology,2016,https://scholar.google.com/citations?hl=en&user=YYD9RLoAAAAJ,Aihua Wang Shaker,University of Connecticut,1990
376,Faruk Uçar,Marmara Üniversitesi,2004,https://scholar.google.com/citations?hl=en&user=cV_BRRMAAAAJ,Ahmet Dernek,Istanbul University,1984
377,Sebastián Uchitel,Imperial College London,2003,https://scholar.google.com/citations?hl=en&user=v-rnR5UAAAAJ,Jeffrey Kramer,Imperial College London,1980
378,Aleksei Udovenko,Université du Luxembourg,2019,https://scholar.google.com/citations?hl=en&user=dxHC9pMAAAAJ,Alex Biryukov,Technion-Israel Institute of Technology,1999
379,Masaaki Ue,University of Tokyo,1986,https://scholar.google.com/citations?hl=en&user=yKdMT6cAAAAJ,Ichiro Tamura,University of Tokyo,1960
379,Burcu Üngör,Ankara University,2014,https://scholar.google.com/citations?hl=en&user=HQ2qRcIAAAAJ,Sait Halicioglu,"University of Wales, Aberystwyth",1992
380,Stefan Ufer,Ludwig-Maximilians-Universität München,2004,https://scholar.google.com/citations?hl=en&user=wmOV6u4AAAAJ,Hans-Jürgen Schneider,Ludwig-Maximilians-Universität München,1969
381,Xavier Xarles,Universitat Autònoma de Barcelona,1993,https://scholar.google.com/citations?hl=en&user=KfkSMAwAAAAJ,Enric Nart Viñals,Universidad Autónoma de Barcelona,1982
382,,,,,Siegfried Bosch,Georg-August-Universität Göttingen,1967
383,Joao Xavier,Instituto Superior Técnico,2002,https://scholar.google.com/citations?hl=en&user=04aoCmQAAAAJ,Victor A. N. Barroso,Carnegie Mellon University,1989
384,Grzegorz Rzadkowski,Uniwersytet Warszawski,1989,https://scholar.google.com/citations?hl=en&user=FYGezY8AAAAJ,Bogdan Bojarski,Ivane Javakhishvili Tbilisi State University,1955
385,Andreas Ryve,Mälardalens högskola,2006,https://scholar.google.com/citations?hl=en&user=W-2UJgYAAAAJ,Kimmo Eriksson,Kungliga Tekniska Högskolan,1993
386,Seungjin Ryu,Seoul National University,2012,https://scholar.google.com/citations?hl=en&user=0t-I_-4AAAAJ,Sun-Sig Byun,The University of Iowa,2003
387,Hong Seo Ryoo,University of Illinois at Urbana-Champaign,1999,https://scholar.google.com/citations?hl=en&user=pJpyd8cAAAAJ,Nikolaos V. Sahinidis,Carnegie Mellon University,1990
389,Krzysztof Rykaczewski,Uniwersytet Mikołaja Kopernika,2016,https://scholar.google.com/citations?hl=en&user=Q0w29toAAAAJ,Grzegorz Jan Gabor,Uniwersytet Mikołaja Kopernika,1997
390,Pavel Ruzicka,Charles University,2002,https://scholar.google.com/citations?hl=en&user=6RrVLy4AAAAJ,Jan Trlifaj,Charles University,1989
400,David Michael Ruth,Naval Postgraduate School,2009,https://scholar.google.com/citations?hl=en&user=VOWt7dgAAAAJ,Robert Anthony Koyak,"University of California, Berkeley",1985
401,Sanja Rukavina,University of Zagreb,1999,https://scholar.google.com/citations?hl=en&user=W7USdNQAAAAJ,Vladimir Æepuliæ,University of Zagreb,1971
402,Anjum Rukhshanda,Quaid-i-Azam University,2011,https://scholar.google.com/citations?hl=en&user=BaoZMf4AAAAJ,Muhammad Shabir,Quaid-i-Azam University,1995
403,Janne Ruostekoski,University of Connecticut,1996,https://scholar.google.com/citations?hl=en&user=TkuVsakAAAAJ,Juha Javanainen,Teknillinen korkeakoulu,1980
404,Scott Ruoti,Brigham Young University,2016,https://scholar.google.com/citations?hl=en&user=u38Uv3QAAAAJ,Kent Eldon Seamons,University of Illinois at Urbana-Champaign,1996
405,Steven Ruuth,University of British Columbia,1996,https://scholar.google.com/citations?hl=en&user=7cclhnMAAAAJ,Brian Thomas Robinson Wetton,New York University,1991
406,,,,,Uri Michael Ascher,University of Minnesota - Twin Cities,1975
417,Jomar Rabajante,University of the Philippines and Shizuoka University,2016,https://scholar.google.com/citations?hl=en&user=CSRObqcAAAAJ,Cherryl Ortega Talaue,University of the Philippines,2009
418,Roland Rabanal,Universidade de São Paulo,2005,https://scholar.google.com/citations?hl=en&user=CbKxSwMAAAAJ,Carlos Gutierrez,Instituto de Matemática Pura e Aplicada,1974
419,Yuval Rabani,Tel Aviv University,1993,https://scholar.google.com/citations?hl=en&user=vTigGywAAAAJ,Amos Fiat,Weizmann Institute of Science,1987
420,Vincent Rabaud,"University of California, San Diego",2009,https://scholar.google.com/citations?hl=en&user=dYu68U8AAAAJ,Serge Justin Belongie,"University of California, Berkeley",2000
421,Alberto Rabbachin,Massachusetts Institute of Technology,2013,https://scholar.google.com/citations?hl=en&user=P7blCdgAAAAJ,Moe Z. Win,University of Southern California,1998
422,Michael Rabbat,University of Wisconsin-Madison,2006,https://scholar.google.com/citations?hl=en&user=cMPKe9UAAAAJ,Robert Nowak,University of Wisconsin-Madison,1995
423,Matthew P. Rabbitt,The University of North Carolina at Greensboro,2014,https://scholar.google.com/citations?hl=en&user=VQoEa54AAAAJ,David C. Ribar,Brown University,1991
424,Markus N. Rabe,Universität des Saarlandes,2016,https://scholar.google.com/citations?hl=en&user=gCp7X74AAAAJ,Bernd E. Finkbeiner,Stanford University,2002
425,Maben Rabi,University of Maryland College Park,2006,https://scholar.google.com/citations?hl=en&user=VrW-L7wAAAAJ,John Spyridon Baras,Harvard University,1973
426,Tamer Rabie,University of Toronto,1999,https://scholar.google.com/citations?hl=en&user=pWhso8EAAAAJ,Demetri Terzopoulos,Massachusetts Institute of Technology,1984
427,Amir Masoud Rabiei,University of Alberta,2008,https://scholar.google.com/citations?hl=en&user=fo9gp9sAAAAJ,Norman Charles Joseph Beaulieu,University of British Columbia,1986
428,Siamak Rabieniaharatbar,Purdue University,2020,https://scholar.google.com/citations?hl=en&user=CbKxSwMAAAAJ,Plamen D. Stefanov,University of Sofia,1988
429,Julien Rabin,Télécom ParisTech,2009,https://scholar.google.com/citations?hl=en&user=6D2eFXoAAAAJ,Yann Gousseau,Université Paris IX - Dauphine,2000
430,,,,,Julie Delon,École Normale Supérieure de Cachan,2004
431,Tal Rabin,Hebrew University of Jerusalem,1995,https://scholar.google.com/citations?hl=en&user=18exh0MAAAAJ,Michael Ben-Or,Hebrew University of Jerusalem,1982
432,Shanti Rabindran Gamper,Massachusetts Institute of Technology,2001,https://scholar.google.com/citations?hl=en&user=MRRzodwAAAAJ,Dora Luisa Costa,The University of Chicago,1993
433,Andrew Rabinovich,"University of California, San Diego",2008,https://scholar.google.com/citations?hl=en&user=yOcNQVgAAAAJ,Serge Justin Belongie,"University of California, Berkeley",2000
434,Tilmann Rabl,Universität Passau,2011,https://scholar.google.com/citations?hl=en&user=BQvUJuYAAAAJ,Harald Kosch,École Normale Supérieure de Lyon,1997
435,,.,,,,,
437,Alessandro Fabbri,"Ph.D. Scuola Internazionale Superiore di Studi Avanzati, Trieste",1996,https://scholar.google.com/citations?hl=en&user=7eZms4sAAAAJ,"Daniel M. Amati , Jorge G. Russo",,
438,Daniela Fabbri,Ph.D. Universitat Pompeu Fabra,2001,https://scholar.google.com/citations?hl=en&user=WxCLJMQAAAAJ,Xavier Sala-i-Martin,Ph.D. Harvard University,1990
439,Giorgio Fabbri,Ph.D. Università di Roma La Sapienza,2006,https://scholar.google.com/citations?hl=en&user=HdRz5gwAAAAJ,Fausto Gozzi,Ph.D. Scuola Normale Superiore di Pisa,1998
440,Roberta Fabbri,Ph.D. Università degli Studi di Firenze,1997,https://scholar.google.com/citations?hl=en&user=35U7r6cAAAAJ,Russell Allan Johnson,Ph.D. University of Minnesota,1975
441,Eleonore Faber,Dr. rer. nat. Universität Wien,2012,https://scholar.google.com/citations?hl=en&user=PnvRH0UAAAAJ,Herwig Hauser,Ph.D. Université Paris-Sud XI - Orsay,1980
442,Peter Faber,Dr. rer. nat. Universität Passau,2008,https://scholar.google.com/citations?hl=en&user=NUpECGIAAAAJ,Christian Lengauer,Ph.D. University of Toronto,1982
443,Sky Faber,"Ph.D. University of California, Irvine",2016,https://scholar.google.com/citations?hl=en&user=56BtNVYAAAAJ,Gene Tsudik,Ph.D. University of Southern California,2013
445,Wolfgang Faber,Dr. techn. Technische Universität Wien,2002,https://scholar.google.com/citations?hl=en&user=XMxznHQAAAAJ,"Thomas Eiter , Nicola Leone",Dr. techn. Technische Universität Wien,1991
446,R. Jason Faberman,Ph.D. University of Maryland College Park,2003,https://scholar.google.com/citations?hl=en&user=MPpCEXoAAAAJ,"John C. Haltiwanger , Judith Kay Hellerstein",Ph.D. The Johns Hopkins University,1982
447,Benjamin Fabian,Ph.D. Humboldt-Universität zu Berlin,2008,https://scholar.google.com/citations?hl=en&user=1Aha2tQAAAAJ,Advisor: Oliver Günther,"Ph.D. University of California, Berkeley",1987
448,G. Fabian,Ph.D. Technische Universiteit Eindhoven,1999,https://scholar.google.com/citations?hl=en&user=qSZrJ84AAAAJ,"Jacobus (Koos) Eelkman Rooda, Martin (Martinus) Rem",Ph.D. Universiteit Twente,1978
449,Francesco Fabiano,Ph.D. Università degli Studi di Udine,2022,https://scholar.google.com/citations?hl=en&user=W6JOvEIAAAAJ,Agostino Dovier,Ph. D. Università di Pisa,1996
450,John Stewart Fabila-Carrasco,Ph.D. Universidad Carlos III de Madrid,2020,https://scholar.google.com/citations?hl=en&user=5xrmd_YAAAAJ,Fernando Lledó,Ph.D. Universität Potsdam,1999
451,Ruy Fabila-Monroy,Ph.D. Universidad Nacional Autónoma de México,2009,https://scholar.google.com/citations?hl=en&user=kHlEOpsAAAAJ,"Ferran A. Hurtado Díaz , Jorge Urrutia",Ph.D. Universitat Politècnica de Catalunya,1993
452,Nicholas Fabina,"Ph.D. University of California, Davis",2014,https://scholar.google.com/citations?hl=en&user=EDBcd9EAAAAJ,Sebastian Richard Schreiber,"Ph.D. University of California, Berkeley",1995
453,Michal Fabinger,Ph.D. Harvard University,2012,https://scholar.google.com/citations?hl=en&user=qUk7ge0AAAAJ,Gita Gopinath,Ph.D. Princeton University,2001
454,Frank J. Fabozzi,Ph.D. City University of New York,1972,https://scholar.google.com/citations?hl=en&user=tqXS4IMAAAAJ,Malcolm Galatin,Ph.D. Massachusetts Institute of Technology,1965
455,Bruno Fabre,Ph.D. Université Pierre-et-Marie-Curie - Paris VI,2000,https://scholar.google.com/citations?hl=en&user=9JAB7VEAAAAJ,"Gennadi Markovic Henkin , Pierre Mazet",,
456,Émilie Fabre,Ph.D. École Polytechnique,2012,https://scholar.google.com/citations?hl=en&user=rRPIz8MAAAAJ,Nizar Touzi,Ph.D. Université Paris IX - Dauphine,1993
457,Josep Fàbrega Canudas,Ph.D. Universitat Politècnica de Catalunya,1984,https://scholar.google.com/citations?hl=en&user=7kvJGB0AAAAJ,José Luis Andrés Yebra,Ph.D. Universidad Complutense de Madrid,1975
458,Diego Fabregat-Traver,Dr. rer. nat. Rheinisch-Westfälische Technische Hochschule Aachen,2013,https://scholar.google.com/citations?hl=en&user=5dTdPIcAAAAJ,Paolo Bientinesi,Ph.D. University of Texas at Austin,2006
459,Angela Fabregues,Ph.D. Universitat Autònoma de Barcelona,2012,https://scholar.google.com/citations?hl=en&user=0AMMZKoAAAAJ,Carles Sierra,Ph.D. Universitat Politècnica de Catalunya,1989
460,Andreas Fabri,Ph.D. École Nationale Supérieure des Mines de Paris,1994,https://scholar.google.com/citations?hl=en&user=lgyg3AMAAAAJ,Jean-Daniel Boissonnat,,
461,John Fabricius,Ph.D. Luleå University of Technology,2011,https://scholar.google.com/citations?hl=en&user=2QZxC2cAAAAJ,"Peter Wall , Lars-Erik Persson",Ph.D. Luleå University of Technology,1998
462,Pierre Fabrie,Ph.D. Université Bordeaux 1,1987,https://scholar.google.com/citations?hl=en&user=TwLb7doAAAAJ,Paul Morel,Ph.D. Université Claude Bernard Lyon 1,1970
463,Alex Fabrikant,"Ph.D. University of California, Berkeley",2008,https://scholar.google.com/citations?hl=en&user=dfScyQgAAAAJ,Christos H. Papadimitriou,Ph.D. Princeton University,1976
464,Tayo Fabusuyi,Ph.D. Carnegie Mellon University,2016,https://scholar.google.com/citations?hl=en&user=2hg6218AAAAJ,Robert Cornelius Hampshire,Ph.D. Princeton University,2007
465,Tina Facca,Dr. rer. pol. Georg-August-Universität Göttingen,2009,https://scholar.google.com/citations?hl=en&user=s82zvG0AAAAJ,"Manfred Denker , Walter Zucchini",Ph.D. Friedrich-Alexander-Universität Erlangen-Nürnberg,1972
466,Giuseppe Facchetti,Ph.D. Scuola Internazionale Superiore di Studi Avanzati,2013,https://scholar.google.com/citations?hl=en&user=i2UM3WoAAAAJ,Claudio Altafini,Ph.D. Kungliga Tekniska Högskolan,2001
467,Christian Facchi,Ph.D. Technische Universität München Germany,1995,https://scholar.google.com/citations?hl=en&user=KA4CZR8AAAAJ,Manfred Broy,Dr. rer. nat. Technische Universität München,1980
469,Alessandro Fabbri,"Ph.D. Scuola Internazionale Superiore di Studi Avanzati, Trieste",1996,https://scholar.google.com/citations?hl=en&user=7eZms4sAAAAJ,"Daniel M. Amati , Jorge G. Russo",,
470,Daniela Fabbri,Ph.D. Universitat Pompeu Fabra,2001,https://scholar.google.com/citations?hl=en&user=WxCLJMQAAAAJ,Xavier Sala-i-Martin,Ph.D. Harvard University,1990
471,Giorgio Fabbri,Ph.D. Università di Roma La Sapienza,2006,https://scholar.google.com/citations?hl=en&user=HdRz5gwAAAAJ,Fausto Gozzi,Ph.D. Scuola Normale Superiore di Pisa,1998
472,Roberta Fabbri,Ph.D. Università degli Studi di Firenze,1997,https://scholar.google.com/citations?hl=en&user=35U7r6cAAAAJ,Russell Allan Johnson,Ph.D. University of Minnesota,1975
473,Eleonore Faber,Dr. rer. nat. Universität Wien,2012,https://scholar.google.com/citations?hl=en&user=PnvRH0UAAAAJ,Herwig Hauser,Ph.D. Université Paris-Sud XI - Orsay,1980
,Peter Faber,Dr. rer. nat. Universität Passau,2008,https://scholar.google.com/citations?hl=en&user=NUpECGIAAAAJ,Christian Lengauer,Ph.D. University of Toronto,1982
474,Sky Faber,"Ph.D. University of California, Irvine",2016,https://scholar.google.com/citations?hl=en&user=56BtNVYAAAAJ,Gene Tsudik,Ph.D. University of Southern California,2013
475,Wolfgang Faber,Dr. techn. Technische Universität Wien,2002,https://scholar.google.com/citations?hl=en&user=XMxznHQAAAAJ,"Thomas Eiter , Nicola Leone",Dr. techn. Technische Universität Wien,1991
476,R. Jason Faberman,Ph.D. University of Maryland College Park,2003,https://scholar.google.com/citations?hl=en&user=MPpCEXoAAAAJ,"John C. Haltiwanger , Judith Kay Hellerstein",Ph.D. The Johns Hopkins University,1982
477,Benjamin Fabian,Ph.D. Humboldt-Universität zu Berlin,2008,https://scholar.google.com/citations?hl=en&user=1Aha2tQAAAAJ,Advisor: Oliver Günther,"Ph.D. University of California, Berkeley",1987
478,G. Fabian,Ph.D. Technische Universiteit Eindhoven,1999,https://scholar.google.com/citations?hl=en&user=qSZrJ84AAAAJ,"Jacobus (Koos) Eelkman Rooda, Martin (Martinus) Rem",Ph.D. Universiteit Twente,1978
479,Francesco Fabiano,Ph.D. Università degli Studi di Udine,2022,https://scholar.google.com/citations?hl=en&user=W6JOvEIAAAAJ,Agostino Dovier,Ph. D. Università di Pisa,1996
480,John Stewart Fabila-Carrasco,Ph.D. Universidad Carlos III de Madrid,2020,https://scholar.google.com/citations?hl=en&user=5xrmd_YAAAAJ,Fernando Lledó,Ph.D. Universität Potsdam,1999
481,Ruy Fabila-Monroy,Ph.D. Universidad Nacional Autónoma de México,2009,https://scholar.google.com/citations?hl=en&user=kHlEOpsAAAAJ,"Ferran A. Hurtado Díaz , Jorge Urrutia",Ph.D. Universitat Politècnica de Catalunya,1993
482,Nicholas Fabina,"Ph.D. University of California, Davis",2014,https://scholar.google.com/citations?hl=en&user=EDBcd9EAAAAJ,Sebastian Richard Schreiber,"Ph.D. University of California, Berkeley",1995
483,Michal Fabinger,Ph.D. Harvard University,2012,https://scholar.google.com/citations?hl=en&user=qUk7ge0AAAAJ,Gita Gopinath,Ph.D. Princeton University,2001
484,Frank J. Fabozzi,Ph.D. City University of New York,1972,https://scholar.google.com/citations?hl=en&user=Michal Fabinger,Malcolm Galatin,Ph.D. Massachusetts Institute of Technology,1965
485,Bruno Fabre,Ph.D. Université Pierre-et-Marie-Curie - Paris VI,2000,https://scholar.google.com/citations?hl=en&user=9JAB7VEAAAAJ,"Gennadi Markovic Henkin , Pierre Mazet",,
486,Émilie Fabre,Ph.D. École Polytechnique,2012,https://scholar.google.com/citations?hl=en&user=rRPIz8MAAAAJ,Nizar Touzi,Ph.D. Université Paris IX - Dauphine,1993
487,Josep Fàbrega Canudas,Ph.D. Universitat Politècnica de Catalunya,1984,https://scholar.google.com/citations?hl=en&user=7kvJGB0AAAAJ,José Luis Andrés Yebra,Ph.D. Universidad Complutense de Madrid,1975
488,Diego Fabregat-Traver,Dr. rer. nat. Rheinisch-Westfälische Technische Hochschule Aachen,2013,https://scholar.google.com/citations?hl=en&user=5dTdPIcAAAAJ,Paolo Bientinesi,Ph.D. University of Texas at Austin,2006
489,Angela Fabregues,Ph.D. Universitat Autònoma de Barcelona,2012,https://scholar.google.com/citations?hl=en&user=0AMMZKoAAAAJ,Carles Sierra,Ph.D. Universitat Politècnica de Catalunya,1989
490,Andreas Fabri,Ph.D. École Nationale Supérieure des Mines de Paris,1994,https://scholar.google.com/citations?hl=en&user=lgyg3AMAAAAJ,Jean-Daniel Boissonnat,,
491,John Fabricius,Ph.D. Luleå University of Technology,2011,https://scholar.google.com/citations?hl=en&user=2QZxC2cAAAAJ,"Peter Wall , Lars-Erik Persson",Ph.D. Luleå University of Technology,1998
492,Pierre Fabrie,Ph.D. Université Bordeaux 1,1987,https://scholar.google.com/citations?hl=en&user=TwLb7doAAAAJ,Paul Morel,Ph.D. Université Claude Bernard Lyon 1,1970
493,Alex Fabrikant,"Ph.D. University of California, Berkeley",2008,https://scholar.google.com/citations?hl=en&user=dfScyQgAAAAJ,Christos H. Papadimitriou,Ph.D. Princeton University,1976
494,Tayo Fabusuyi,Ph.D. Carnegie Mellon University,2016,https://scholar.google.com/citations?hl=en&user=2hg6218AAAAJ,Robert Cornelius Hampshire,Ph.D. Princeton University,2007
495,Tina Facca,Dr. rer. pol. Georg-August-Universität Göttingen,2009,https://scholar.google.com/citations?hl=en&user=s82zvG0AAAAJ,"Manfred Denker , Walter Zucchini",Ph.D. Friedrich-Alexander-Universität Erlangen-Nürnberg,1972
496,Giuseppe Facchetti,Ph.D. Scuola Internazionale Superiore di Studi Avanzati,2013,https://scholar.google.com/citations?hl=en&user=i2UM3WoAAAAJ,Claudio Altafini,Ph.D. Kungliga Tekniska Högskolan,2001
497,Christian Facchi,Ph.D. Technische Universität München  Germany,1995,https://scholar.google.com/citations?hl=en&user=KA4CZR8AAAAJ,Manfred Broy,Dr. rer. nat. Technische Universität München,1980
498,Gregory Gbur,Ph.D. University of Rochester,2001,https://scholar.google.com/citations?hl=en&user=aLDxx9UAAAAJ,Emil Wolf,Ph.D. University of Bristol,1948
499,Sadek Gala,Ph.D. Université d'Évry,2005,https://scholar.google.com/citations?hl=en&user=2owpIC8AAAAJ,Pierre-Gilles Lemarié-Rieusset,"Ph.D de mathématiques, Université d'Évry",2002
500,Elena Galaktionova,Ph.D. University of Massachusetts Amherst,1993,https://scholar.google.com/citations?hl=en&user=uVsbScYAAAAJ,Ivan Mirkovic,Ph.D. University of Utah,1986
501,Adam Galambos,Ph.D. University of Minnesota - Twin Cities,2004,https://scholar.google.com/citations?hl=en&user=IG_1YVAAAAAJ,Marcel Kessel Richter,Ph.D. Massachusetts Institute of Technology,1959
502,Fernando Galaz-Garcia,Ph.D. University of Maryland College Park,2009,https://scholar.google.com/citations?hl=en&user=QC3VdE4AAAAJ,Karsten Grove,Ph.D. Aarhus University,1974
503,Mohammadreza Galavii,Ph.D. Technische Universität Graz,2008,https://scholar.google.com/citations?hl=en&user=1Mhn2fYAAAAJ,Rainer Ernst Burkard,Ph.D. Universität Wien,1967
504,Stefano Galatolo,Ph.D. Università di Pisa,2002,https://scholar.google.com/citations?hl=en&user=4SWcAfcAAAAJ,Vieri Benci,Scuola Normale Superiore di Pisa,1972
505,Matthew Galati,Ph.D. Lehigh University,2008,https://scholar.google.com/citations?hl=en&user=fbxJdU0AAAAJ,Theodore Kenneth Ralphs,Ph.D. Cornell University,1995
506,Concettina Galati,Ph.D. Università di Tor Vergata,2005,https://scholar.google.com/citations?hl=en&user=G0wOXOMAAAAJ,Ciro Ciliberto,Ph.D. Università degli Studi di Napoli Federico II,1973
507,Vladimir Galatenko,Ph.D. Lomonosov Moscow State University,2005,https://scholar.google.com/citations?hl=en&user=9LFx-6MAAAAJ,Taras Pavlovich Lukashenko,Ph.D. Lomonosov Moscow State University,1973
508,Aphrodite Galata,Ph.D. University of Leeds,2001,https://scholar.google.com/citations?hl=en&user=vAY0HccAAAAJ,David C. Hogg,,
509,Andrea Galasso,Ph.D. Università degli Studi di Pavia and Università degli Studi di Milano-Bicocca,2018,https://scholar.google.com/citations?hl=en&user=MbL3D_MAAAAJ,Roberto Paoletti,"Ph.D. University of California, Los Angeles",1993
510,Spyros Galanis,Ph.D. University of Rochester,2008,https://scholar.google.com/citations?hl=en&user=yKc4dbQAAAAJ,"Larry Gedaleah Epstein , Paulo Barelli",Ph.D. University of British Columbia,1977
511,Vincenzo Galasso,"Ph.D. University of California, Los Angeles",1996,https://scholar.google.com/citations?hl=en&user=ZWZvyiIAAAAJ,Costas (Constantine) Christos Azariadis,Ph.D. Carnegie Mellon University,1975
512,Alberto Galasso,Ph.D. London School of Economics and Political Science,2007,https://scholar.google.com/citations?hl=en&user=h8TT-6MAAAAJ,"Andrea Prat, Mark Alter Schankerman",Ph.D. Stanford University,1997
513,Joseph Galaskiewicz,Ph.D. The University of Chicago,1976,https://scholar.google.com/citations?hl=en&user=KqIUsN0AAAAJ,Edward Otto Laumann,Ph.D. Harvard University,1965
514,Pavel Galashin,Ph.D. Massachusetts Institute of Technology,2019,https://scholar.google.com/citations?hl=en&user=o4bUfRkAAAAJ,Alexander E. Postnikov,Ph.D. Massachusetts Institute of Technology,1997
515,Omar Galarraga,Ph.D. The Johns Hopkins University,2007,https://scholar.google.com/citations?hl=en&user=S0Oa88QAAAAJ,David Simeon Salkever,Ph.D. Harvard University,1971
516,Arkaitz Galbete,Ph.D. Universidad Publica de Navarra,2014,https://scholar.google.com/citations?hl=en&user=KaIOCToAAAAJ,"José Antonio Moler,  Fernando Plo",Ph.D. Universidad Publica de Navarra,2000